Nodo recien fijado,Distancia definitiva,d(0),d(1),d(2),d(3),d(4),d(5),d(6),d(7),d(8),d(9),d(10),d(11),d(12),d(13),d(14),d(15),d(16),d(17),d(20),d(21),d(23),d(24),d(25),d(27),d(29),d(44),d(69),d(70),d(78),d(666)
13,0,∞,∞,∞,∞,∞,∞,∞,∞,∞,∞,∞,∞,∞,0 fija,∞,∞,∞,∞,∞,∞,∞,∞,∞,∞,∞,∞,∞,∞,∞,∞
16,3,∞,∞,∞,∞,∞,∞,∞,∞,∞,∞,∞,∞,9 tentativa,0 fija,∞,∞,3 fija,∞,∞,∞,∞,∞,∞,∞,∞,∞,∞,∞,∞,777 tentativa
12,6,∞,∞,∞,∞,∞,∞,∞,∞,∞,∞,∞,∞,6 fija,0 fija,∞,∞,3 fija,10 tentativa,∞,∞,14 tentativa,∞,∞,∞,∞,∞,∞,∞,∞,777 tentativa
17,10,∞,13 tentativa,∞,∞,∞,∞,∞,∞,15 tentativa,∞,∞,∞,6 fija,0 fija,∞,∞,3 fija,10 fija,∞,∞,14 tentativa,∞,∞,∞,∞,∞,∞,∞,10 tentativa,13 tentativa
78,10,∞,13 tentativa,15 tentativa,∞,∞,∞,∞,∞,15 tentativa,∞,∞,∞,6 fija,0 fija,∞,∞,3 fija,10 fija,∞,∞,14 tentativa,∞,∞,∞,∞,∞,14 tentativa,16 tentativa,10 fija,13 tentativa
1,13,∞,13 fija,15 tentativa,∞,15 tentativa,∞,∞,∞,15 tentativa,∞,∞,∞,6 fija,0 fija,∞,∞,3 fija,10 fija,∞,∞,14 tentativa,∞,∞,∞,∞,∞,14 tentativa,16 tentativa,10 fija,13 tentativa
666,13,15 tentativa,13 fija,15 tentativa,∞,15 tentativa,∞,∞,33 tentativa,15 tentativa,∞,18 tentativa,∞,6 fija,0 fija,∞,21 tentativa,3 fija,10 fija,∞,∞,14 tentativa,∞,∞,∞,∞,∞,14 tentativa,16 tentativa,10 fija,13 fija
23,14,15 tentativa,13 fija,15 tentativa,∞,15 tentativa,∞,∞,33 tentativa,15 tentativa,∞,18 tentativa,∞,6 fija,0 fija,∞,21 tentativa,3 fija,10 fija,∞,∞,14 fija,∞,∞,14 tentativa,∞,∞,14 tentativa,16 tentativa,10 fija,13 fija
27,14,15 tentativa,13 fija,15 tentativa,∞,15 tentativa,∞,∞,33 tentativa,15 tentativa,∞,18 tentativa,∞,6 fija,0 fija,∞,21 tentativa,3 fija,10 fija,∞,∞,14 fija,∞,∞,14 fija,∞,∞,14 tentativa,16 tentativa,10 fija,13 fija
69,14,15 tentativa,13 fija,15 tentativa,∞,15 tentativa,∞,∞,33 tentativa,15 tentativa,∞,18 tentativa,∞,6 fija,0 fija,∞,21 tentativa,3 fija,10 fija,∞,∞,14 fija,∞,∞,14 fija,∞,∞,14 fija,16 tentativa,10 fija,13 fija
