ID,Nodo A,Nodo B,Peso,Lectura provisional,Observacion
e01,29,7,5,No,
e02,29,21,3,No,
e03,21,24,2,No,
e04,21,11,2,No,
e05,24,11,7,No,
e06,7,11,5,No,
e07,7,14,3,No,
e08,7,6,10,No,
e09,7,1,20,No,
e10,11,14,9,No,
e11,11,10,7,No,
e12,14,6,5,No,
e13,14,9,5,No,
e14,14,10,9,No,
e15,14,4,8,No,
e16,6,9,7,No,
e17,6,8,4,No,
e18,6,15,3,No,
e19,9,10,3,No,
e20,10,27,9,No,
e21,10,4,6,No,
e22,10,1,5,No,
e23,27,4,3,No,
e24,27,666,1,No,
e25,4,18,5,No,
e26,4,8,15,No,
e27,18,666,6,No,
e28,18,12,4,No,
e29,666,12,7,No,
e30,666,13,777,No,
e31,12,13,9,No,
e32,12,16,16,No,
e33,12,16,3,No,
e34,12,1,7,No,
e35,8,12,9,No,
e36,8,1,7,No,
e37,8,15,2,No,
e38,15,1,8,No,
e39,15,0,8,No,
e40,0,1,2,No,
e41,0,44,70,No,
e42,44,3,80,No,
e43,44,5,69,No,
e44,3,5,2,No,
e45,3,2,9,No,
e46,3,69,6,No,
e47,1,2,3,No,
e48,1,23,7,No,
e49,23,2,3,No,
e50,23,16,11,No,
e51,2,17,5,No,
e52,2,69,11,No,
e53,13,16,3,No,
e54,16,17,7,No,
e55,17,69,4,No,
e56,17,70,6,No,
e57,69,70,8,No,
e58,69,5,3,No,
e59,5,20,2,No,
e60,69,20,3,No,
e61,69,25,6,No,
e62,20,25,7,No,
e63,25,70,17,No,
